Wed Jan 29 16:49:21 BRST 2014;7.4
Wed Jan 29 16:49:25 BRST 2014;47.4
Wed Jan 29 16:49:29 BRST 2014;7.4
Wed Jan 29 16:49:33 BRST 2014;3.4
Wed Jan 29 16:49:17 BRST 2014;7.8
Wed Jan 29 16:49:21 BRST 2014;7.4
Wed Jan 29 16:49:25 BRST 2014;47.4
Wed Jan 29 16:49:29 BRST 2014;7.4
Wed Jan 29 16:49:33 BRST 2014;3.4
Wed Jan 29 16:49:17 BRST 2014;7.8
Wed Jan 29 16:49:21 BRST 2014;7.4
Wed Jan 29 16:49:25 BRST 2014;47.4
Wed Jan 29 16:49:29 BRST 2014;7.4
Wed Jan 29 16:49:33 BRST 2014;3.4
Wed Jan 29 16:49:17 BRST 2014;7.8
Wed Jan 29 16:49:21 BRST 2014;7.4
Wed Jan 29 16:49:25 BRST 2014;47.4
Wed Jan 29 16:49:29 BRST 2014;7.4
Wed Jan 29 16:49:33 BRST 2014;3.4
Wed Jan 29 16:49:17 BRST 2014;7.8
Wed Jan 29 16:49:21 BRST 2014;7.4
Wed Jan 29 16:49:25 BRST 2014;47.4
Wed Jan 29 16:49:29 BRST 2014;7.4
Wed Jan 29 16:49:33 BRST 2014;3.4
